<?xml version="1.0" encoding="UTF-8"?>
<project-private xmlns="http://www.netbeans.org/ns/project-private/1">
    <editor-bookmarks xmlns="http://www.netbeans.org/ns/editor-bookmarks/2" lastBookmarkId="0"/>
    <open-files xmlns="http://www.netbeans.org/ns/projectui-open-files/2">
        <group>
            <file>file:/D:/BCA%20PROJECT/SEM%206/Fashion%20Designig%20mgmt%20Sys/src/fashion/designing/system/CustomerOutput.java</file>
            <file>file:/D:/BCA%20PROJECT/SEM%206/Fashion%20Designig%20mgmt%20Sys/src/fashion/designing/system/Login.java</file>
            <file>file:/D:/BCA%20PROJECT/SEM%206/Fashion%20Designig%20mgmt%20Sys/src/fashion/designing/system/DeliveryScreen.java</file>
            <file>file:/D:/BCA%20PROJECT/SEM%206/Fashion%20Designig%20mgmt%20Sys/src/fashion/designing/system/AutoIncreament.java</file>
            <file>file:/D:/BCA%20PROJECT/SEM%206/Fashion%20Designig%20mgmt%20Sys/src/fashion/designing/system/DBconnection.java</file>
            <file>file:/D:/BCA%20PROJECT/SEM%206/Fashion%20Designig%20mgmt%20Sys/src/fashion/designing/system/customer_info.java</file>
            <file>file:/D:/BCA%20PROJECT/SEM%206/Fashion%20Designig%20mgmt%20Sys/src/fashion/designing/system/CustomerList.java</file>
            <file>file:/D:/BCA%20PROJECT/SEM%206/Fashion%20Designig%20mgmt%20Sys/src/fashion/designing/system/StaffInfo.java</file>
            <file>file:/D:/BCA%20PROJECT/SEM%206/Fashion%20Designig%20mgmt%20Sys/src/fashion/designing/system/Payment.java</file>
            <file>file:/D:/BCA%20PROJECT/SEM%206/Fashion%20Designig%20mgmt%20Sys/src/fashion/designing/system/AssignmentForm.java</file>
        </group>
    </open-files>
</project-private>
