<?xml version="1.0" encoding="UTF-8"?>
<project-private xmlns="http://www.netbeans.org/ns/project-private/1">
    <editor-bookmarks xmlns="http://www.netbeans.org/ns/editor-bookmarks/2" lastBookmarkId="0"/>
    <open-files xmlns="http://www.netbeans.org/ns/projectui-open-files/2">
        <group>
            <file>file:/C:/Users/Dell/Desktop/JAVA%20LAB/Finalize/Fashion%20Designig%20mgmt%20Sys/src/fashion/designing/system/AddStaffPayment.java</file>
            <file>file:/C:/Users/Dell/Desktop/JAVA%20LAB/Finalize/Fashion%20Designig%20mgmt%20Sys/src/fashion/designing/system/Login.java</file>
            <file>file:/C:/Users/Dell/Desktop/JAVA%20LAB/Finalize/Fashion%20Designig%20mgmt%20Sys/src/fashion/designing/system/Home.java</file>
            <file>file:/C:/Users/Dell/Desktop/JAVA%20LAB/Finalize/Fashion%20Designig%20mgmt%20Sys/src/fashion/designing/system/customer_info.java</file>
            <file>file:/C:/Users/Dell/Desktop/JAVA%20LAB/Finalize/Fashion%20Designig%20mgmt%20Sys/src/fashion/designing/system/AboutMe.java</file>
        </group>
    </open-files>
</project-private>
